{
  "total_traces": 10050,
  "overall_asr": 2.81592039800995,
  "config_stats": {
    "no_defense": {
      "asr": 2.9247910863509747,
      "count": 718
    },
    "full_stack": {
      "asr": 0.0,
      "count": 3280
    }
  },
  "asr_comparisons": [
    {
      "config1": "no_defense",
      "config2": "full_stack",
      "config1_asr": 3.3333333333333335,
      "config2_asr": 0.0,
      "config1_count": 718,
      "config2_count": 3280,
      "asr_reduction": 3.3333333333333335,
      "relative_reduction": 100.0,
      "mcnemar_chi2": 16.055555555555557,
      "mcnemar_p": 6.151089035272799e-05,
      "config1_ci_lower": 2.118703071549951,
      "config1_ci_upper": 5.207253604070304,
      "config2_ci_lower": 4.336808689942018e-17,
      "config2_ci_upper": 0.7063821524502722,
      "common_requests": 540,
      "contingency_table": [
        [
          0,
          18
        ],
        [
          0,
          522
        ]
      ]
    },
    {
      "config1": "no_defense",
      "config2": "layer2_only",
      "config1_asr": 3.3333333333333335,
      "config2_asr": 0.0,
      "config1_count": 718,
      "config2_count": 1441,
      "asr_reduction": 3.3333333333333335,
      "relative_reduction": 100.0,
      "mcnemar_chi2": 16.055555555555557,
      "mcnemar_p": 6.151089035272799e-05,
      "config1_ci_lower": 2.118703071549951,
      "config1_ci_upper": 5.207253604070304,
      "config2_ci_lower": 4.336808689942018e-17,
      "config2_ci_upper": 0.7063821524502722,
      "common_requests": 540,
      "contingency_table": [
        [
          0,
          18
        ],
        [
          0,
          522
        ]
      ]
    },
    {
      "config1": "no_defense",
      "config2": "layer3_only",
      "config1_asr": 3.3582089552238807,
      "config2_asr": 30.410447761194032,
      "config1_count": 718,
      "config2_count": 715,
      "asr_reduction": -27.052238805970152,
      "relative_reduction": -805.5555555555555,
      "mcnemar_chi2": 130.41509433962264,
      "mcnemar_p": 3.324525504446197e-30,
      "config1_ci_lower": 2.1345914839258904,
      "config1_ci_upper": 5.245647460238471,
      "config2_ci_lower": 26.66668062160064,
      "config2_ci_upper": 34.433019734948395,
      "common_requests": 536,
      "contingency_table": [
        [
          11,
          7
        ],
        [
          152,
          366
        ]
      ]
    },
    {
      "config1": "no_defense",
      "config2": "layer5_only",
      "config1_asr": 3.3582089552238807,
      "config2_asr": 2.0522388059701493,
      "config1_count": 718,
      "config2_count": 717,
      "asr_reduction": 1.3059701492537314,
      "relative_reduction": 38.88888888888889,
      "mcnemar_chi2": 1.565217391304348,
      "mcnemar_p": 0.21090292605660677,
      "config1_ci_lower": 2.1345914839258904,
      "config1_ci_upper": 5.245647460238471,
      "config2_ci_lower": 1.149716389487292,
      "config2_ci_upper": 3.637169245113672,
      "common_requests": 536,
      "contingency_table": [
        [
          3,
          15
        ],
        [
          8,
          510
        ]
      ]
    },
    {
      "config1": "layer3_only",
      "config2": "full_stack",
      "config1_asr": 30.297397769516728,
      "config2_asr": 0.0,
      "config1_count": 715,
      "config2_count": 3280,
      "asr_reduction": 30.297397769516728,
      "relative_reduction": 100.0,
      "mcnemar_chi2": 161.00613496932516,
      "mcnemar_p": 6.820624482649096e-37,
      "config1_ci_lower": 26.565135946176166,
      "config1_ci_upper": 34.309038351256895,
      "config2_ci_lower": -4.336808689942018e-17,
      "config2_ci_upper": 0.7089894906555717,
      "common_requests": 538,
      "contingency_table": [
        [
          0,
          163
        ],
        [
          0,
          375
        ]
      ]
    },
    {
      "config1": "layer5_only",
      "config2": "full_stack",
      "config1_asr": 2.0446096654275094,
      "config2_asr": 0.0,
      "config1_count": 717,
      "config2_count": 3280,
      "asr_reduction": 2.0446096654275094,
      "relative_reduction": 100.0,
      "mcnemar_chi2": 9.090909090909092,
      "mcnemar_p": 0.0025688315270227116,
      "config1_ci_lower": 1.1454283456573944,
      "config1_ci_upper": 3.6237883405475775,
      "config2_ci_lower": -4.336808689942018e-17,
      "config2_ci_upper": 0.7089894906555717,
      "common_requests": 538,
      "contingency_table": [
        [
          0,
          11
        ],
        [
          0,
          527
        ]
      ]
    }
  ]
}